{"cameraMode":{"drawMode":0,"name":"Shaded","section":"Shading Mode"},"sceneLighting":false,"audioPlay":false,"sceneViewState":{"showFog":true,"showMaterialUpdate":false,"showSkybox":false,"showFlares":true,"showImageEffects":true,"showParticleSystems":true},"in2DMode":false,"pivot":{"x":-5.960464477539063e-7,"y":1.0407719612121583,"z":0.140436053276062},"rotation":{"x":-0.4513644576072693,"y":0.007225796580314636,"z":-0.0036548427306115629,"w":-0.8923038244247437},"size":6.386345863342285,"orthographic":false}