{"cameraMode":{"drawMode":0,"name":"Shaded","section":"Shading Mode"},"sceneLighting":false,"audioPlay":false,"sceneViewState":{"showFog":true,"showMaterialUpdate":false,"showSkybox":false,"showFlares":true,"showImageEffects":true,"showParticleSystems":true},"in2DMode":false,"pivot":{"x":-7.310452938079834,"y":-4.8536882400512699,"z":33.29206085205078},"rotation":{"x":-0.11740879714488983,"y":-0.309714138507843,"z":0.0385720320045948,"w":-0.9427730441093445},"size":34.12621307373047,"orthographic":false}